prv,ref_year,dec_any_adverse,dec_formal_adverse,dec_rejected,dec_condition,dec_staff_ratio,dec_sessional,dec_attrition,dec_progress
PRV12002,2013,False,False,False,False,False,False,False,False
PRV12003,2015,False,False,False,False,False,False,False,False
PRV12004,2013,False,False,False,False,False,False,False,False
PRV12004,2013,False,False,False,False,False,False,False,False
PRV12004,2015,False,False,False,False,False,False,False,False
PRV12004,2013,False,False,False,False,False,False,False,False
PRV12005,2016,True,True,False,True,False,False,False,False
PRV12005,2016,True,True,False,True,False,False,False,False
PRV12005,2016,True,True,False,True,False,False,False,False
PRV12005,2016,True,True,False,True,False,False,False,False
PRV12005,2016,True,True,False,True,False,False,False,False
PRV12005,2016,True,True,False,True,False,False,False,False
PRV12005,2016,True,True,False,True,False,False,False,False
PRV12005,2015,False,False,False,False,False,False,False,False
PRV12005,2015,False,False,False,False,False,False,False,False
PRV12005,2015,False,False,False,False,False,False,False,False
PRV12005,2020,False,False,False,False,False,False,False,False
PRV12005,2020,False,False,False,False,False,False,False,False
PRV12005,2020,False,False,False,False,False,False,False,False
PRV12005,2020,False,False,False,False,False,False,False,False
PRV12006,2013,False,False,False,False,False,False,False,False
PRV12006,2015,False,False,False,False,False,False,False,False
PRV12006,2013,False,False,False,False,False,False,False,False
PRV12006,2013,False,False,False,False,False,False,False,False
PRV12006,2015,False,False,False,False,False,False,False,False
PRV12006,2015,False,False,False,False,False,False,False,False
PRV12006,2013,False,False,False,False,False,False,False,False
PRV12006,2013,False,False,False,False,False,False,False,False
PRV12006,2013,False,False,False,False,False,False,False,False
PRV12006,2013,False,False,False,False,False,False,False,False
PRV12006,2016,True,False,False,False,False,True,False,True
PRV12006,2016,True,False,False,False,False,True,False,True
PRV12006,2016,True,False,False,False,False,True,False,True
PRV12006,2016,True,False,False,False,False,True,False,True
PRV12006,2016,True,False,False,False,False,True,False,True
PRV12006,2016,True,False,False,False,False,True,False,True
PRV12006,2021,False,False,False,False,False,False,False,False
PRV12007,2014,True,True,False,True,False,True,True,True
PRV12007,2014,True,True,False,True,False,True,True,True
PRV12007,2014,True,True,False,True,False,True,True,True
PRV12007,2014,True,True,False,True,False,True,True,True
PRV12007,2015,True,True,False,True,False,False,True,True
PRV12007,2015,True,True,False,True,False,False,True,True
PRV12007,2015,True,True,False,True,False,False,True,True
PRV12007,2014,True,True,False,True,False,False,False,True
PRV12007,2017,True,True,True,True,False,False,False,False
PRV12007,2017,True,True,True,True,False,False,False,False
PRV12007,2017,True,True,True,True,False,False,False,False
PRV12007,2017,True,True,True,True,False,False,False,False
PRV12007,2020,True,False,False,False,False,False,False,True
PRV12007,2020,False,False,False,False,False,False,False,False
PRV12007,2020,False,False,False,False,False,False,False,False
PRV12007,2020,False,False,False,False,False,False,False,False
PRV12007,2020,False,False,False,False,False,False,False,False
PRV12007,2020,False,False,False,False,False,False,False,False
PRV12007,2020,False,False,False,False,False,False,False,False
PRV12007,2020,False,False,False,False,False,False,False,False
PRV12007,2020,False,False,False,False,False,False,False,False
PRV12007,2020,False,False,False,False,False,False,False,False
PRV12007,2020,False,False,False,False,False,False,False,False
PRV12007,2020,False,False,False,False,False,False,False,False
PRV12008,2015,False,False,False,False,False,False,False,False
PRV12009,2013,True,False,False,False,False,True,False,False
PRV12009,2013,True,False,False,False,False,True,False,False
PRV12009,2013,True,False,False,False,False,True,False,False
PRV12009,2013,True,False,False,False,False,True,False,False
PRV12009,2013,True,False,False,False,False,True,False,False
PRV12009,2014,True,False,False,False,False,True,False,False
PRV12009,2014,True,False,False,False,False,True,False,False
PRV12009,2014,True,False,False,False,False,True,False,False
PRV12009,2014,True,False,False,False,False,True,False,False
PRV12009,2014,True,False,False,False,False,True,False,False
PRV12009,2015,True,False,False,False,False,True,False,False
PRV12009,2015,True,False,False,False,False,True,False,False
PRV12009,2015,True,False,False,False,False,True,False,False
PRV12009,2015,True,False,False,False,False,True,False,False
PRV12009,2014,True,False,False,False,False,True,False,False
PRV12009,2013,True,False,False,False,False,True,False,False
PRV12009,2015,True,False,False,False,False,True,False,False
PRV12009,2017,True,False,False,False,False,True,False,False
PRV12009,2013,True,False,False,False,False,True,False,False
PRV12009,2020,True,False,False,False,False,True,False,False
PRV12009,2020,True,False,False,False,False,True,False,False
PRV12009,2020,True,False,False,False,False,True,False,False
PRV12009,2017,True,False,False,False,False,True,False,False
PRV12009,2017,True,False,False,False,False,True,False,False
PRV12009,2017,True,False,False,False,False,True,False,False
PRV12009,2017,True,False,False,False,False,True,False,False
PRV12010,2015,True,True,False,True,False,True,False,False
PRV12012,2014,False,False,False,False,False,False,False,False
PRV12012,2018,True,True,False,True,False,False,False,False
PRV12012,2018,True,False,False,False,False,True,False,False
PRV12012,2018,True,False,False,False,False,True,False,False
PRV12012,2018,True,False,False,False,False,True,False,False
PRV12012,2019,True,True,False,True,False,False,False,False
PRV12012,2019,True,True,False,True,False,False,False,False
PRV12012,2019,True,True,False,True,False,False,False,False
PRV12012,2015,True,True,False,True,False,False,True,True
PRV12012,2015,True,True,False,True,False,False,True,True
PRV12012,2015,True,True,False,True,False,False,True,True
PRV12012,2015,True,True,False,True,False,False,True,True
PRV12013,2014,True,True,False,True,False,True,False,False
PRV12013,2014,True,True,False,True,False,True,False,False
PRV12013,2014,True,True,False,True,False,True,False,False
PRV12013,2015,True,True,False,True,False,True,True,True
PRV12013,2018,True,True,False,True,True,True,True,True
PRV12013,2018,True,True,False,True,True,True,True,True
PRV12013,2021,False,False,False,False,False,False,False,False
PRV12013,2021,False,False,False,False,False,False,False,False
PRV12013,2021,False,False,False,False,False,False,False,False
PRV12013,2021,False,False,False,False,False,False,False,False
PRV12013,2021,False,False,False,False,False,False,False,False
PRV12013,2021,False,False,False,False,False,False,False,False
PRV12013,2021,False,False,False,False,False,False,False,False
PRV12013,2021,False,False,False,False,False,False,False,False
PRV12013,2021,False,False,False,False,False,False,False,False
PRV12014,2014,False,False,False,False,False,False,False,False
PRV12014,2014,False,False,False,False,False,False,False,False
PRV12014,2014,False,False,False,False,False,False,False,False
PRV12015,2014,False,False,False,False,False,False,False,False
PRV12016,2014,False,False,False,False,False,False,False,False
PRV12016,2014,False,False,False,False,False,False,False,False
PRV12016,2014,False,False,False,False,False,False,False,False
PRV12016,2014,False,False,False,False,False,False,False,False
PRV12016,2014,False,False,False,False,False,False,False,False
PRV12016,2014,False,False,False,False,False,False,False,False
PRV12016,2015,False,False,False,False,False,False,False,False
PRV12017,2015,False,False,False,False,False,False,False,False
PRV12017,2015,False,False,False,False,False,False,False,False
PRV12017,2019,False,False,False,False,False,False,False,False
PRV12019,2014,False,False,False,False,False,False,False,False
PRV12019,2017,True,True,False,True,True,False,True,False
PRV12019,2019,False,False,False,False,False,False,False,False
PRV12019,2019,False,False,False,False,False,False,False,False
PRV12020,2013,False,False,False,False,False,False,False,False
PRV12022,2016,False,False,False,False,False,False,False,False
PRV12022,2016,False,False,False,False,False,False,False,False
PRV12022,2016,False,False,False,False,False,False,False,False
PRV12022,2016,False,False,False,False,False,False,False,False
PRV12022,2016,False,False,False,False,False,False,False,False
PRV12022,2016,False,False,False,False,False,False,False,False
PRV12022,2015,False,False,False,False,False,False,False,False
PRV12022,2015,False,False,False,False,False,False,False,False
PRV12022,2015,False,False,False,False,False,False,False,False
PRV12022,2020,False,False,False,False,False,False,False,False
PRV12022,2020,False,False,False,False,False,False,False,False
PRV12022,2020,False,False,False,False,False,False,False,False
PRV12022,2020,False,False,False,False,False,False,False,False
PRV12023,2014,False,False,False,False,False,False,False,False
PRV12023,2014,False,False,False,False,False,False,False,False
PRV12023,2014,False,False,False,False,False,False,False,False
PRV12023,2019,False,False,False,False,False,False,False,False
PRV12023,2019,False,False,False,False,False,False,False,False
PRV12023,2021,False,False,False,False,False,False,False,False
PRV12023,2021,False,False,False,False,False,False,False,False
PRV12023,2021,False,False,False,False,False,False,False,False
PRV12023,2021,False,False,False,False,False,False,False,False
PRV12024,2014,False,False,False,False,False,False,False,False
PRV12024,2021,False,False,False,False,False,False,False,False
PRV12024,2021,False,False,False,False,False,False,False,False
PRV12025,2014,True,True,False,True,False,True,False,False
PRV12025,2014,True,True,False,True,False,True,False,False
PRV12025,2014,True,True,False,True,False,True,False,False
PRV12025,2014,True,True,False,True,False,True,False,False
PRV12025,2014,True,True,False,True,False,True,False,False
PRV12025,2014,True,True,False,True,False,True,False,False
PRV12025,2014,True,True,False,True,False,True,False,False
PRV12025,2014,True,True,False,True,False,True,False,False
PRV12025,2014,True,True,False,True,False,True,False,False
PRV12025,2014,True,True,False,True,False,True,False,False
PRV12025,2014,True,True,False,True,False,True,False,False
PRV12025,2014,True,True,False,True,False,True,False,False
PRV12025,2015,True,True,False,True,False,True,True,True
PRV12025,2017,True,True,False,True,False,False,False,False
PRV12025,2017,False,False,False,False,False,False,False,False
PRV12025,2017,False,False,False,False,False,False,False,False
PRV12025,2018,False,False,False,False,False,False,False,False
PRV12025,2018,False,False,False,False,False,False,False,False
PRV12025,2018,False,False,False,False,False,False,False,False
PRV12025,2018,False,False,False,False,False,False,False,False
PRV12025,2018,False,False,False,False,False,False,False,False
PRV12025,2018,False,False,False,False,False,False,False,False
PRV12025,2018,False,False,False,False,False,False,False,False
PRV12025,2018,False,False,False,False,False,False,False,False
PRV12025,2019,False,False,False,False,False,False,False,False
PRV12025,2019,False,False,False,False,False,False,False,False
PRV12025,2019,False,False,False,False,False,False,False,False
PRV12025,2019,False,False,False,False,False,False,False,False
PRV12025,2019,False,False,False,False,False,False,False,False
PRV12025,2019,False,False,False,False,False,False,False,False
PRV12025,2019,False,False,False,False,False,False,False,False
PRV12025,2019,False,False,False,False,False,False,False,False
PRV12025,2019,False,False,False,False,False,False,False,False
PRV12025,2019,False,False,False,False,False,False,False,False
PRV12025,2019,False,False,False,False,False,False,False,False
PRV12025,2019,False,False,False,False,False,False,False,False
PRV12025,2019,False,False,False,False,False,False,False,False
PRV12025,2019,False,False,False,False,False,False,False,False
PRV12025,2019,False,False,False,False,False,False,False,False
PRV12025,2019,False,False,False,False,False,False,False,False
PRV12025,2019,False,False,False,False,False,False,False,False
PRV12025,2019,False,False,False,False,False,False,False,False
PRV12025,2019,False,False,False,False,False,False,False,False
PRV12025,2019,False,False,False,False,False,False,False,False
PRV12025,2019,False,False,False,False,False,False,False,False
PRV12025,2019,False,False,False,False,False,False,False,False
PRV12025,2019,False,False,False,False,False,False,False,False
PRV12025,2019,False,False,False,False,False,False,False,False
PRV12025,2019,False,False,False,False,False,False,False,False
PRV12025,2019,False,False,False,False,False,False,False,False
PRV12025,2019,False,False,False,False,False,False,False,False
PRV12025,2019,False,False,False,False,False,False,False,False
PRV12025,2019,False,False,False,False,False,False,False,False
PRV12025,2019,False,False,False,False,False,False,False,False
PRV12025,2019,False,False,False,False,False,False,False,False
PRV12025,2019,False,False,False,False,False,False,False,False
PRV12025,2020,False,False,False,False,False,False,False,False
PRV12025,2020,False,False,False,False,False,False,False,False
PRV12025,2020,False,False,False,False,False,False,False,False
PRV12025,2020,False,False,False,False,False,False,False,False
PRV12025,2020,False,False,False,False,False,False,False,False
PRV12025,2020,False,False,False,False,False,False,False,False
PRV12025,2020,False,False,False,False,False,False,False,False
PRV12025,2020,False,False,False,False,False,False,False,False
PRV12025,2021,False,False,False,False,False,False,False,False
PRV12025,2021,False,False,False,False,False,False,False,False
PRV12025,2021,False,False,False,False,False,False,False,False
PRV12025,2021,False,False,False,False,False,False,False,False
PRV12026,2014,True,True,False,True,False,False,False,False
PRV12026,2014,True,True,False,True,False,False,False,False
PRV12026,2017,True,True,False,True,False,True,True,True
PRV12026,2017,True,True,False,True,False,True,True,True
PRV12026,2021,False,False,False,False,False,False,False,False
PRV12026,2021,False,False,False,False,False,False,False,False
PRV12027,2016,False,False,False,False,False,False,False,False
PRV12027,2016,False,False,False,False,False,False,False,False
PRV12027,2016,False,False,False,False,False,False,False,False
PRV12027,2019,False,False,False,False,False,False,False,False
PRV12027,2019,False,False,False,False,False,False,False,False
PRV12027,2019,False,False,False,False,False,False,False,False
PRV12027,2020,False,False,False,False,False,False,False,False
PRV12027,2020,False,False,False,False,False,False,False,False
PRV12027,2020,False,False,False,False,False,False,False,False
PRV12027,2020,False,False,False,False,False,False,False,False
PRV12029,2013,False,False,False,False,False,False,False,False
PRV12029,2013,False,False,False,False,False,False,False,False
PRV12029,2013,False,False,False,False,False,False,False,False
PRV12029,2013,False,False,False,False,False,False,False,False
PRV12029,2013,False,False,False,False,False,False,False,False
PRV12029,2013,False,False,False,False,False,False,False,False
PRV12029,2013,False,False,False,False,False,False,False,False
PRV12029,2013,False,False,False,False,False,False,False,False
PRV12029,2013,False,False,False,False,False,False,False,False
PRV12029,2013,False,False,False,False,False,False,False,False
PRV12029,2017,True,True,False,True,False,True,False,False
PRV12029,2017,True,True,False,True,False,True,False,False
PRV12029,2017,True,True,False,True,False,True,False,False
PRV12029,2017,True,True,False,True,False,True,False,False
PRV12029,2017,True,True,False,True,False,True,False,False
PRV12029,2017,True,True,False,True,False,True,False,False
PRV12029,2016,True,True,False,True,False,True,True,True
PRV12029,2016,True,True,False,True,False,True,True,True
PRV12029,2016,True,True,False,True,False,True,True,True
PRV12029,2016,True,True,False,True,False,True,True,True
PRV12029,2020,False,False,False,False,False,False,False,False
PRV12029,2020,False,False,False,False,False,False,False,False
PRV12029,2020,False,False,False,False,False,False,False,False
PRV12029,2020,False,False,False,False,False,False,False,False
PRV12029,2020,False,False,False,False,False,False,False,False
PRV12029,2020,False,False,False,False,False,False,False,False
PRV12029,2020,False,False,False,False,False,False,False,False
PRV12029,2020,False,False,False,False,False,False,False,False
PRV12029,2020,False,False,False,False,False,False,False,False
PRV12029,2020,False,False,False,False,False,False,False,False
PRV12029,2020,False,False,False,False,False,False,False,False
PRV12029,2020,True,True,False,True,False,False,False,False
PRV12029,2021,True,True,False,True,False,False,False,False
PRV12029,2021,True,True,False,True,False,False,False,False
PRV12029,2021,True,True,False,True,False,False,False,False
PRV12029,2021,True,True,False,True,False,False,False,False
PRV12029,2021,True,True,False,True,False,False,False,False
PRV12029,2021,True,True,False,True,False,False,False,False
PRV12030,2013,False,False,False,False,False,False,False,False
PRV12030,2013,False,False,False,False,False,False,False,False
PRV12030,2013,False,False,False,False,False,False,False,False
PRV12030,2013,False,False,False,False,False,False,False,False
PRV12030,2013,False,False,False,False,False,False,False,False
PRV12030,2013,False,False,False,False,False,False,False,False
PRV12030,2013,False,False,False,False,False,False,False,False
PRV12030,2013,False,False,False,False,False,False,False,False
PRV12030,2013,False,False,False,False,False,False,False,False
PRV12030,2019,False,False,False,False,False,False,False,False
PRV12030,2019,False,False,False,False,False,False,False,False
PRV12030,2020,False,False,False,False,False,False,False,False
PRV12030,2020,False,False,False,False,False,False,False,False
PRV12030,2020,False,False,False,False,False,False,False,False
PRV12030,2020,False,False,False,False,False,False,False,False
PRV12030,2020,False,False,False,False,False,False,False,False
PRV12030,2020,False,False,False,False,False,False,False,False
PRV12030,2020,True,False,False,False,False,True,False,False
PRV12031,2017,True,True,False,True,False,True,False,True
PRV12031,2017,True,False,False,False,False,True,False,True
PRV12031,2017,False,False,False,False,False,False,False,False
PRV12031,2018,True,True,True,False,False,False,False,False
PRV12031,2018,False,False,False,False,False,False,False,False
PRV12031,2019,True,True,False,True,False,False,False,True
PRV12031,2020,False,False,False,False,False,False,False,False
PRV12031,2020,False,False,False,False,False,False,False,False
PRV12031,2020,False,False,False,False,False,False,False,False
PRV12031,2020,False,False,False,False,False,False,False,False
PRV12032,2016,False,False,False,False,False,False,False,False
PRV12033,2017,False,False,False,False,False,False,False,False
PRV12034,2014,True,True,False,True,False,False,True,True
PRV12034,2014,True,True,False,True,False,False,True,True
PRV12034,2014,True,True,False,True,False,False,True,True
PRV12034,2014,True,True,False,True,False,True,False,False
PRV12034,2014,True,True,False,True,False,True,False,False
PRV12034,2014,True,True,False,True,False,True,False,False
PRV12034,2013,False,False,False,False,False,False,False,False
PRV12034,2014,False,False,False,False,False,False,False,False
PRV12034,2014,False,False,False,False,False,False,False,False
PRV12034,2015,True,True,False,True,False,False,True,True
PRV12034,2017,False,False,False,False,False,False,False,False
PRV12034,2017,False,False,False,False,False,False,False,False
PRV12034,2017,False,False,False,False,False,False,False,False
PRV12035,2014,True,True,False,True,False,False,False,False
PRV12035,2014,True,True,False,True,False,False,False,False
PRV12035,2014,True,True,False,True,False,False,False,False
PRV12035,2016,False,False,False,False,False,False,False,False
PRV12035,2018,False,False,False,False,False,False,False,False
PRV12035,2019,False,False,False,False,False,False,False,False
PRV12035,2019,False,False,False,False,False,False,False,False
PRV12035,2019,False,False,False,False,False,False,False,False
PRV12035,2019,False,False,False,False,False,False,False,False
PRV12035,2019,False,False,False,False,False,False,False,False
PRV12035,2020,False,False,False,False,False,False,False,False
PRV12035,2020,False,False,False,False,False,False,False,False
PRV12035,2020,False,False,False,False,False,False,False,False
PRV12035,2020,False,False,False,False,False,False,False,False
PRV12036,2015,False,False,False,False,False,False,False,False
PRV12036,2015,False,False,False,False,False,False,False,False
PRV12036,2015,False,False,False,False,False,False,False,False
PRV12036,2017,False,False,False,False,False,False,False,False
PRV12038,2018,False,False,False,False,False,False,False,False
PRV12039,2016,True,True,False,True,False,False,False,False
PRV12039,2016,True,True,False,True,False,False,False,False
PRV12039,2016,True,True,False,True,False,False,False,False
PRV12039,2016,True,True,False,True,False,False,False,False
PRV12039,2016,True,True,False,True,False,False,False,False
PRV12039,2016,True,True,False,True,False,False,False,False
PRV12041,2015,True,True,False,True,False,True,False,False
PRV12041,2015,True,True,False,True,False,True,False,False
PRV12041,2015,True,True,False,True,False,True,False,False
PRV12041,2015,True,True,False,True,False,True,False,False
PRV12041,2016,True,True,False,True,False,False,False,True
PRV12041,2015,True,True,False,True,False,True,True,True
PRV12041,2017,True,True,False,True,False,False,False,True
PRV12041,2017,True,True,False,True,False,False,False,False
PRV12041,2019,True,True,False,True,False,False,False,True
PRV12041,2020,False,False,False,False,False,False,False,False
PRV12041,2020,False,False,False,False,False,False,False,False
PRV12041,2020,False,False,False,False,False,False,False,False
PRV12041,2020,False,False,False,False,False,False,False,False
PRV12041,2020,False,False,False,False,False,False,False,False
PRV12041,2020,False,False,False,False,False,False,False,False
PRV12041,2020,False,False,False,False,False,False,False,False
PRV12041,2020,False,False,False,False,False,False,False,False
PRV12042,2013,False,False,False,False,False,False,False,False
PRV12042,2013,False,False,False,False,False,False,False,False
PRV12042,2013,False,False,False,False,False,False,False,False
PRV12042,2018,False,False,False,False,False,False,False,False
PRV12042,2019,False,False,False,False,False,False,False,False
PRV12042,2020,False,False,False,False,False,False,False,False
PRV12042,2020,False,False,False,False,False,False,False,False
PRV12042,2020,False,False,False,False,False,False,False,False
PRV12042,2020,False,False,False,False,False,False,False,False
PRV12042,2020,False,False,False,False,False,False,False,False
PRV12042,2020,False,False,False,False,False,False,False,False
PRV12042,2020,False,False,False,False,False,False,False,False
PRV12042,2020,False,False,False,False,False,False,False,False
PRV12042,2020,False,False,False,False,False,False,False,False
PRV12042,2020,False,False,False,False,False,False,False,False
PRV12042,2020,False,False,False,False,False,False,False,False
PRV12042,2020,False,False,False,False,False,False,False,False
PRV12042,2020,False,False,False,False,False,False,False,False
PRV12042,2020,False,False,False,False,False,False,False,False
PRV12042,2020,False,False,False,False,False,False,False,False
PRV12042,2020,False,False,False,False,False,False,False,False
PRV12042,2020,False,False,False,False,False,False,False,False
PRV12042,2020,False,False,False,False,False,False,False,False
PRV12042,2020,False,False,False,False,False,False,False,False
PRV12042,2020,False,False,False,False,False,False,False,False
PRV12042,2020,False,False,False,False,False,False,False,False
PRV12042,2020,False,False,False,False,False,False,False,False
PRV12042,2020,False,False,False,False,False,False,False,False
PRV12042,2020,False,False,False,False,False,False,False,False
PRV12042,2020,False,False,False,False,False,False,False,False
PRV12042,2020,False,False,False,False,False,False,False,False
PRV12042,2020,False,False,False,False,False,False,False,False
PRV12042,2020,False,False,False,False,False,False,False,False
PRV12042,2020,False,False,False,False,False,False,False,False
PRV12042,2020,False,False,False,False,False,False,False,False
PRV12042,2020,False,False,False,False,False,False,False,False
PRV12042,2020,False,False,False,False,False,False,False,False
PRV12042,2020,False,False,False,False,False,False,False,False
PRV12042,2020,False,False,False,False,False,False,False,False
PRV12042,2020,False,False,False,False,False,False,False,False
PRV12042,2020,False,False,False,False,False,False,False,False
PRV12042,2020,False,False,False,False,False,False,False,False
PRV12042,2020,False,False,False,False,False,False,False,False
PRV12042,2020,False,False,False,False,False,False,False,False
PRV12042,2020,False,False,False,False,False,False,False,False
PRV12042,2020,False,False,False,False,False,False,False,False
PRV12042,2020,False,False,False,False,False,False,False,False
PRV12043,2015,False,False,False,False,False,False,False,False
PRV12044,2013,False,False,False,False,False,False,False,False
PRV12044,2013,False,False,False,False,False,False,False,False
PRV12044,2016,True,True,False,True,False,False,False,False
PRV12044,2013,False,False,False,False,False,False,False,False
PRV12044,2018,False,False,False,False,False,False,False,False
PRV12044,2018,False,False,False,False,False,False,False,False
PRV12044,2018,False,False,False,False,False,False,False,False
PRV12044,2020,False,False,False,False,False,False,False,False
PRV12045,2014,False,False,False,False,False,False,False,False
PRV12045,2014,False,False,False,False,False,False,False,False
PRV12045,2014,False,False,False,False,False,False,False,False
PRV12045,2014,False,False,False,False,False,False,False,False
PRV12045,2014,False,False,False,False,False,False,False,False
PRV12045,2016,True,False,False,False,False,False,False,True
PRV12045,2016,True,False,False,False,False,False,False,True
PRV12045,2016,True,False,False,False,False,False,False,True
PRV12045,2016,True,False,False,False,False,False,False,True
PRV12045,2016,True,False,False,False,False,False,False,True
PRV12045,2016,True,False,False,False,False,False,False,True
PRV12045,2016,True,False,False,False,False,False,False,True
PRV12045,2016,True,False,False,False,False,False,False,True
PRV12045,2016,True,False,False,False,False,False,False,True
PRV12045,2016,True,False,False,False,False,False,False,True
PRV12045,2016,True,False,False,False,False,False,False,True
PRV12045,2016,True,False,False,False,False,False,False,True
PRV12045,2016,True,False,False,False,False,False,False,True
PRV12045,2016,True,False,False,False,False,False,False,True
PRV12045,2016,True,False,False,False,False,False,False,True
PRV12045,2016,True,False,False,False,False,False,False,True
PRV12045,2016,True,False,False,False,False,False,False,True
PRV12045,2016,True,False,False,False,False,False,False,True
PRV12045,2016,True,False,False,False,False,False,False,True
PRV12045,2016,True,False,False,False,False,False,False,True
PRV12045,2016,True,False,False,False,False,False,False,True
PRV12045,2016,True,False,False,False,False,False,False,True
PRV12045,2016,True,False,False,False,False,False,False,True
PRV12045,2016,True,False,False,False,False,False,False,True
PRV12045,2016,True,False,False,False,False,False,False,True
PRV12046,2014,False,False,False,False,False,False,False,False
PRV12046,2014,False,False,False,False,False,False,False,False
PRV12046,2014,False,False,False,False,False,False,False,False
PRV12046,2014,False,False,False,False,False,False,False,False
PRV12046,2014,False,False,False,False,False,False,False,False
PRV12046,2014,False,False,False,False,False,False,False,False
PRV12046,2014,False,False,False,False,False,False,False,False
PRV12046,2014,False,False,False,False,False,False,False,False
PRV12046,2014,False,False,False,False,False,False,False,False
PRV12046,2014,False,False,False,False,False,False,False,False
PRV12046,2014,False,False,False,False,False,False,False,False
PRV12046,2019,False,False,False,False,False,False,False,False
PRV12047,2014,False,False,False,False,False,False,False,False
PRV12047,2014,False,False,False,False,False,False,False,False
PRV12047,2014,False,False,False,False,False,False,False,False
PRV12047,2014,False,False,False,False,False,False,False,False
PRV12047,2014,False,False,False,False,False,False,False,False
PRV12047,2019,True,True,False,True,False,False,False,True
PRV12047,2019,True,True,False,True,False,False,False,True
PRV12047,2019,True,True,False,True,False,False,False,True
PRV12047,2019,True,True,False,True,False,False,False,True
PRV12047,2020,False,False,False,False,False,False,False,False
PRV12047,2020,False,False,False,False,False,False,False,False
PRV12047,2020,False,False,False,False,False,False,False,False
PRV12048,2015,False,False,False,False,False,False,False,False
PRV12049,2016,False,False,False,False,False,False,False,False
PRV12049,2016,False,False,False,False,False,False,False,False
PRV12049,2016,False,False,False,False,False,False,False,False
PRV12049,2017,True,True,False,True,False,False,False,False
PRV12049,2017,True,True,False,True,False,False,False,False
PRV12049,2018,False,False,False,False,False,False,False,False
PRV12049,2018,False,False,False,False,False,False,False,False
PRV12049,2018,True,True,True,False,False,False,False,False
PRV12049,2019,True,False,False,False,False,True,False,False
PRV12049,2019,True,False,False,False,False,True,False,False
PRV12049,2020,False,False,False,False,False,False,False,False
PRV12049,2020,False,False,False,False,False,False,False,False
PRV12049,2020,False,False,False,False,False,False,False,False
PRV12049,2020,False,False,False,False,False,False,False,False
PRV12049,2020,False,False,False,False,False,False,False,False
PRV12049,2020,False,False,False,False,False,False,False,False
PRV12049,2020,False,False,False,False,False,False,False,False
PRV12049,2020,False,False,False,False,False,False,False,False
PRV12049,2020,False,False,False,False,False,False,False,False
PRV12049,2020,False,False,False,False,False,False,False,False
PRV12049,2020,False,False,False,False,False,False,False,False
PRV12049,2020,False,False,False,False,False,False,False,False
PRV12049,2020,False,False,False,False,False,False,False,False
PRV12049,2020,False,False,False,False,False,False,False,False
PRV12049,2020,False,False,False,False,False,False,False,False
PRV12050,2014,True,True,False,True,False,True,True,True
PRV12050,2014,False,False,False,False,False,False,False,False
PRV12050,2017,False,False,False,False,False,False,False,False
PRV12050,2017,False,False,False,False,False,False,False,False
PRV12050,2017,False,False,False,False,False,False,False,False
PRV12050,2017,False,False,False,False,False,False,False,False
PRV12050,2017,False,False,False,False,False,False,False,False
PRV12050,2017,False,False,False,False,False,False,False,False
PRV12050,2017,False,False,False,False,False,False,False,False
PRV12050,2017,False,False,False,False,False,False,False,False
PRV12050,2017,False,False,False,False,False,False,False,False
PRV12050,2017,True,True,True,True,False,False,False,False
PRV12050,2017,True,True,True,True,False,False,False,False
PRV12050,2017,True,True,True,True,False,False,False,False
PRV12050,2018,False,False,False,False,False,False,False,False
PRV12050,2018,False,False,False,False,False,False,False,False
PRV12050,2018,False,False,False,False,False,False,False,False
PRV12050,2020,False,False,False,False,False,False,False,False
PRV12050,2020,False,False,False,False,False,False,False,False
PRV12050,2020,False,False,False,False,False,False,False,False
PRV12050,2020,False,False,False,False,False,False,False,False
PRV12051,2017,True,True,False,True,False,True,False,True
PRV12051,2018,True,True,False,True,False,True,True,True
PRV12051,2018,True,True,False,True,False,True,True,True
PRV12051,2021,False,False,False,False,False,False,False,False
PRV12051,2021,False,False,False,False,False,False,False,False
PRV12051,2021,False,False,False,False,False,False,False,False
PRV12052,2015,False,False,False,False,False,False,False,False
PRV12052,2014,False,False,False,False,False,False,False,False
PRV12052,2013,False,False,False,False,False,False,False,False
PRV12052,2013,False,False,False,False,False,False,False,False
PRV12052,2014,False,False,False,False,False,False,False,False
PRV12052,2014,False,False,False,False,False,False,False,False
PRV12052,2014,False,False,False,False,False,False,False,False
PRV12052,2014,False,False,False,False,False,False,False,False
PRV12052,2014,False,False,False,False,False,False,False,False
PRV12052,2014,False,False,False,False,False,False,False,False
PRV12052,2014,False,False,False,False,False,False,False,False
PRV12052,2014,False,False,False,False,False,False,False,False
PRV12052,2014,False,False,False,False,False,False,False,False
PRV12052,2014,False,False,False,False,False,False,False,False
PRV12052,2014,False,False,False,False,False,False,False,False
PRV12052,2014,False,False,False,False,False,False,False,False
PRV12052,2018,False,False,False,False,False,False,False,False
PRV12052,2015,False,False,False,False,False,False,False,False
PRV12052,2015,False,False,False,False,False,False,False,False
PRV12054,2016,True,False,False,False,False,False,True,True
PRV12055,2018,False,False,False,False,False,False,False,False
PRV12056,2015,False,False,False,False,False,False,False,False
PRV12057,2019,False,False,False,False,False,False,False,False
PRV12058,2014,False,False,False,False,False,False,False,False
PRV12058,2014,False,False,False,False,False,False,False,False
PRV12058,2014,False,False,False,False,False,False,False,False
PRV12058,2014,False,False,False,False,False,False,False,False
PRV12058,2014,False,False,False,False,False,False,False,False
PRV12058,2014,False,False,False,False,False,False,False,False
PRV12058,2014,False,False,False,False,False,False,False,False
PRV12058,2014,False,False,False,False,False,False,False,False
PRV12058,2014,False,False,False,False,False,False,False,False
PRV12058,2014,False,False,False,False,False,False,False,False
PRV12058,2014,False,False,False,False,False,False,False,False
PRV12058,2014,False,False,False,False,False,False,False,False
PRV12058,2014,False,False,False,False,False,False,False,False
PRV12058,2014,False,False,False,False,False,False,False,False
PRV12058,2014,False,False,False,False,False,False,False,False
PRV12058,2014,False,False,False,False,False,False,False,False
PRV12058,2014,False,False,False,False,False,False,False,False
PRV12058,2014,False,False,False,False,False,False,False,False
PRV12058,2014,False,False,False,False,False,False,False,False
PRV12058,2014,False,False,False,False,False,False,False,False
PRV12058,2014,False,False,False,False,False,False,False,False
PRV12058,2014,False,False,False,False,False,False,False,False
PRV12058,2014,False,False,False,False,False,False,False,False
PRV12058,2014,False,False,False,False,False,False,False,False
PRV12058,2019,False,False,False,False,False,False,False,False
PRV12058,2019,False,False,False,False,False,False,False,False
PRV12058,2019,False,False,False,False,False,False,False,False
PRV12058,2019,False,False,False,False,False,False,False,False
PRV12058,2019,True,True,True,False,False,False,False,False
PRV12058,2019,True,True,True,False,False,False,False,False
PRV12058,2019,True,True,True,False,False,False,False,False
PRV12058,2019,True,True,True,False,False,False,False,False
PRV12058,2019,True,True,True,False,False,False,False,False
PRV12058,2019,True,True,True,False,False,False,False,False
PRV12058,2019,True,True,True,False,False,False,False,False
PRV12058,2019,True,True,True,False,False,False,False,False
PRV12058,2019,True,True,True,False,False,False,False,False
PRV12058,2019,True,True,True,False,False,False,False,False
PRV12058,2019,True,True,True,False,False,False,False,False
PRV12058,2019,True,True,True,False,False,False,False,False
PRV12058,2019,True,True,True,False,False,False,False,False
PRV12058,2019,True,True,True,False,False,False,False,False
PRV12058,2019,True,True,True,False,False,False,False,False
PRV12058,2019,True,True,True,False,False,False,False,False
PRV12058,2019,True,True,True,False,False,False,False,False
PRV12058,2019,True,True,True,False,False,False,False,False
PRV12058,2019,True,True,True,False,False,False,False,False
PRV12058,2019,True,True,True,False,False,False,False,False
PRV12058,2019,True,True,True,False,False,False,False,False
PRV12058,2019,True,True,True,False,False,False,False,False
PRV12058,2019,True,True,True,False,False,False,False,False
PRV12058,2019,True,True,True,False,False,False,False,False
PRV12058,2019,True,True,True,False,False,False,False,False
PRV12058,2019,True,True,True,False,False,False,False,False
PRV12058,2019,True,True,True,False,False,False,False,False
PRV12058,2019,True,True,True,False,False,False,False,False
PRV12058,2019,True,True,True,False,False,False,False,False
PRV12058,2019,True,True,True,False,False,False,False,False
PRV12058,2021,False,False,False,False,False,False,False,False
PRV12058,2021,False,False,False,False,False,False,False,False
PRV12058,2021,False,False,False,False,False,False,False,False
PRV12059,2013,True,True,False,True,False,True,False,True
PRV12059,2016,True,True,False,True,False,False,False,False
PRV12059,2017,False,False,False,False,False,False,False,False
PRV12059,2017,False,False,False,False,False,False,False,False
PRV12059,2017,False,False,False,False,False,False,False,False
PRV12059,2017,True,False,False,False,False,True,False,False
PRV12059,2017,True,False,False,False,False,True,False,False
PRV12059,2020,False,False,False,False,False,False,False,False
PRV12059,2018,False,False,False,False,False,False,False,False
PRV12059,2018,False,False,False,False,False,False,False,False
PRV12059,2018,False,False,False,False,False,False,False,False
PRV12059,2018,False,False,False,False,False,False,False,False
PRV12060,2013,False,False,False,False,False,False,False,False
PRV12062,2018,False,False,False,False,False,False,False,False
PRV12063,2016,False,False,False,False,False,False,False,False
PRV12063,2016,False,False,False,False,False,False,False,False
PRV12063,2020,True,True,False,True,False,False,False,False
PRV12063,2020,False,False,False,False,False,False,False,False
PRV12063,2020,False,False,False,False,False,False,False,False
PRV12063,2020,False,False,False,False,False,False,False,False
PRV12063,2020,False,False,False,False,False,False,False,False
PRV12063,2020,True,False,False,False,False,True,False,False
PRV12063,2020,True,False,False,False,False,True,False,False
PRV12063,2020,True,False,False,False,False,True,False,False
PRV12063,2020,True,False,False,False,False,True,False,False
PRV12063,2020,True,False,False,False,False,True,False,False
PRV12063,2020,True,False,False,False,False,True,False,False
PRV12064,2013,False,False,False,False,False,False,False,False
PRV12064,2013,False,False,False,False,False,False,False,False
PRV12064,2013,False,False,False,False,False,False,False,False
PRV12064,2013,False,False,False,False,False,False,False,False
PRV12064,2013,False,False,False,False,False,False,False,False
PRV12064,2013,False,False,False,False,False,False,False,False
PRV12064,2013,False,False,False,False,False,False,False,False
PRV12064,2015,True,True,False,True,False,False,False,False
PRV12064,2015,True,True,False,True,False,False,False,False
PRV12064,2015,True,True,False,True,False,False,False,False
PRV12064,2016,True,True,False,True,False,False,False,True
PRV12064,2016,True,True,False,True,False,False,False,True
PRV12064,2016,True,True,False,True,False,False,False,True
PRV12064,2016,True,True,False,True,False,False,False,True
PRV12064,2016,False,False,False,False,False,False,False,False
PRV12064,2016,False,False,False,False,False,False,False,False
PRV12064,2016,False,False,False,False,False,False,False,False
PRV12064,2013,False,False,False,False,False,False,False,False
PRV12064,2014,True,True,False,True,False,False,False,False
PRV12064,2014,True,True,False,True,False,False,False,False
PRV12064,2014,False,False,False,False,False,False,False,False
PRV12064,2013,False,False,False,False,False,False,False,False
PRV12064,2014,False,False,False,False,False,False,False,False
PRV12064,2018,True,True,False,True,False,False,False,False
PRV12064,2018,True,True,False,True,False,False,False,False
PRV12064,2019,False,False,False,False,False,False,False,False
PRV12064,2020,False,False,False,False,False,False,False,False
PRV12064,2016,False,False,False,False,False,False,False,False
PRV12064,2016,False,False,False,False,False,False,False,False
PRV12064,2021,True,False,False,False,False,True,False,False
PRV12064,2021,True,False,False,False,False,True,False,False
PRV12065,2014,False,False,False,False,False,False,False,False
PRV12065,2014,False,False,False,False,False,False,False,False
PRV12066,2014,False,False,False,False,False,False,False,False
PRV12066,2014,False,False,False,False,False,False,False,False
PRV12066,2014,False,False,False,False,False,False,False,False
PRV12066,2014,False,False,False,False,False,False,False,False
PRV12066,2015,False,False,False,False,False,False,False,False
PRV12066,2015,False,False,False,False,False,False,False,False
PRV12066,2015,False,False,False,False,False,False,False,False
PRV12066,2015,False,False,False,False,False,False,False,False
PRV12066,2017,True,True,False,True,False,False,True,True
PRV12066,2017,True,True,False,True,False,False,True,True
PRV12066,2020,False,False,False,False,False,False,False,False
PRV12066,2020,False,False,False,False,False,False,False,False
PRV12066,2020,False,False,False,False,False,False,False,False
PRV12066,2020,False,False,False,False,False,False,False,False
PRV12068,2017,False,False,False,False,False,False,False,False
PRV12070,2015,True,True,False,True,False,True,False,False
PRV12070,2015,True,True,False,True,False,True,False,False
PRV12070,2015,True,True,False,True,False,True,False,False
PRV12070,2018,True,True,True,False,False,True,False,False
PRV12070,2020,False,False,False,False,False,False,False,False
PRV12070,2020,False,False,False,False,False,False,False,False
PRV12070,2020,False,False,False,False,False,False,False,False
PRV12070,2020,False,False,False,False,False,False,False,False
PRV12070,2020,False,False,False,False,False,False,False,False
PRV12070,2020,False,False,False,False,False,False,False,False
PRV12070,2020,False,False,False,False,False,False,False,False
PRV12070,2020,False,False,False,False,False,False,False,False
PRV12070,2020,False,False,False,False,False,False,False,False
PRV12070,2020,False,False,False,False,False,False,False,False
PRV12071,2013,True,False,False,False,False,True,False,False
PRV12071,2013,True,False,False,False,False,True,False,False
PRV12071,2014,False,False,False,False,False,False,False,False
PRV12071,2020,False,False,False,False,False,False,False,False
PRV12071,2020,False,False,False,False,False,False,False,False
PRV12071,2020,False,False,False,False,False,False,False,False
PRV12071,2020,False,False,False,False,False,False,False,False
PRV12071,2020,False,False,False,False,False,False,False,False
PRV12071,2020,False,False,False,False,False,False,False,False
PRV12071,2020,False,False,False,False,False,False,False,False
PRV12071,2020,False,False,False,False,False,False,False,False
PRV12071,2020,False,False,False,False,False,False,False,False
PRV12071,2021,False,False,False,False,False,False,False,False
PRV12072,2017,True,False,False,False,True,True,False,False
PRV12073,2018,False,False,False,False,False,False,False,False
PRV12074,2014,False,False,False,False,False,False,False,False
PRV12074,2014,False,False,False,False,False,False,False,False
PRV12074,2013,False,False,False,False,False,False,False,False
PRV12074,2013,False,False,False,False,False,False,False,False
PRV12074,2013,False,False,False,False,False,False,False,False
PRV12074,2013,False,False,False,False,False,False,False,False
PRV12074,2013,False,False,False,False,False,False,False,False
PRV12074,2016,True,True,False,True,False,False,False,False
PRV12074,2014,False,False,False,False,False,False,False,False
PRV12074,2017,False,False,False,False,False,False,False,False
PRV12074,2017,False,False,False,False,False,False,False,False
PRV12074,2017,False,False,False,False,False,False,False,False
PRV12074,2017,True,True,False,True,False,False,False,True
PRV12074,2017,True,True,False,True,False,False,False,True
PRV12074,2017,True,True,False,True,False,False,False,True
PRV12074,2020,False,False,False,False,False,False,False,False
PRV12074,2020,False,False,False,False,False,False,False,False
PRV12074,2020,False,False,False,False,False,False,False,False
PRV12074,2020,False,False,False,False,False,False,False,False
PRV12074,2020,False,False,False,False,False,False,False,False
PRV12074,2020,False,False,False,False,False,False,False,False
PRV12074,2020,False,False,False,False,False,False,False,False
PRV12074,2020,False,False,False,False,False,False,False,False
PRV12074,2020,False,False,False,False,False,False,False,False
PRV12074,2020,False,False,False,False,False,False,False,False
PRV12074,2020,False,False,False,False,False,False,False,False
PRV12074,2020,False,False,False,False,False,False,False,False
PRV12074,2020,False,False,False,False,False,False,False,False
PRV12074,2021,False,False,False,False,False,False,False,False
PRV12075,2014,False,False,False,False,False,False,False,False
PRV12075,2014,False,False,False,False,False,False,False,False
PRV12076,2015,False,False,False,False,False,False,False,False
PRV12078,2014,False,False,False,False,False,False,False,False
PRV12078,2016,False,False,False,False,False,False,False,False
PRV12078,2016,False,False,False,False,False,False,False,False
PRV12078,2014,False,False,False,False,False,False,False,False
PRV12078,2013,False,False,False,False,False,False,False,False
PRV12078,2013,False,False,False,False,False,False,False,False
PRV12078,2015,False,False,False,False,False,False,False,False
PRV12078,2016,False,False,False,False,False,False,False,False
PRV12078,2013,False,False,False,False,False,False,False,False
PRV12078,2020,False,False,False,False,False,False,False,False
PRV12078,2020,False,False,False,False,False,False,False,False
PRV12078,2020,False,False,False,False,False,False,False,False
PRV12078,2020,False,False,False,False,False,False,False,False
PRV12079,2019,False,False,False,False,False,False,False,False
PRV12082,2013,False,False,False,False,False,False,False,False
PRV12082,2020,False,False,False,False,False,False,False,False
PRV12083,2014,True,False,False,False,False,True,False,False
PRV12083,2014,True,False,False,False,False,True,False,False
PRV12083,2018,True,False,False,False,False,True,False,False
PRV12083,2019,True,False,False,False,False,True,False,False
PRV12083,2019,True,False,False,False,False,True,False,False
PRV12083,2020,True,False,False,False,False,True,False,False
PRV12084,2014,False,False,False,False,False,False,False,False
PRV12084,2014,False,False,False,False,False,False,False,False
PRV12084,2018,False,False,False,False,False,False,False,False
PRV12087,2013,False,False,False,False,False,False,False,False
PRV12087,2020,False,False,False,False,False,False,False,False
PRV12088,2014,False,False,False,False,False,False,False,False
PRV12088,2014,False,False,False,False,False,False,False,False
PRV12088,2014,False,False,False,False,False,False,False,False
PRV12088,2013,False,False,False,False,False,False,False,False
PRV12088,2013,False,False,False,False,False,False,False,False
PRV12088,2013,False,False,False,False,False,False,False,False
PRV12088,2014,False,False,False,False,False,False,False,False
PRV12088,2020,False,False,False,False,False,False,False,False
PRV12088,2020,False,False,False,False,False,False,False,False
PRV12089,2016,False,False,False,False,False,False,False,False
PRV12089,2016,False,False,False,False,False,False,False,False
PRV12089,2016,False,False,False,False,False,False,False,False
PRV12089,2016,True,True,False,True,False,False,True,True
PRV12090,2017,True,True,False,True,False,True,True,True
PRV12090,2017,True,True,False,True,False,True,True,True
PRV12090,2017,True,True,False,True,False,True,True,True
PRV12090,2017,True,True,False,True,False,True,True,True
PRV12090,2017,True,True,False,True,False,True,True,True
PRV12090,2017,True,True,False,True,False,True,True,True
PRV12090,2017,True,True,False,True,False,True,True,True
PRV12090,2017,True,True,False,True,False,True,True,True
PRV12090,2017,True,True,False,True,False,True,True,True
PRV12090,2017,True,True,False,True,False,True,True,True
PRV12090,2017,True,True,False,True,False,True,True,True
PRV12090,2017,True,True,False,True,False,True,True,True
PRV12090,2017,True,True,False,True,False,True,True,True
PRV12090,2017,True,True,False,True,False,True,True,True
PRV12090,2017,True,True,False,True,False,True,True,True
PRV12090,2017,True,True,False,True,False,True,True,True
PRV12090,2017,True,True,False,True,False,True,True,True
PRV12090,2017,True,True,False,True,False,True,True,True
PRV12090,2017,True,True,False,True,False,True,True,True
PRV12090,2017,True,True,False,True,False,True,True,True
PRV12090,2017,True,True,False,True,False,True,True,True
PRV12090,2017,True,True,False,True,False,True,True,True
PRV12090,2017,True,True,False,True,False,True,True,True
PRV12090,2017,True,True,False,True,False,True,True,True
PRV12090,2017,True,True,False,True,False,True,True,True
PRV12090,2017,True,True,False,True,False,True,True,True
PRV12090,2017,True,True,False,True,False,True,True,True
PRV12090,2020,False,False,False,False,False,False,False,False
PRV12090,2020,False,False,False,False,False,False,False,False
PRV12090,2020,False,False,False,False,False,False,False,False
PRV12090,2020,False,False,False,False,False,False,False,False
PRV12090,2020,False,False,False,False,False,False,False,False
PRV12090,2020,False,False,False,False,False,False,False,False
PRV12090,2020,False,False,False,False,False,False,False,False
PRV12090,2020,False,False,False,False,False,False,False,False
PRV12090,2020,False,False,False,False,False,False,False,False
PRV12094,2014,True,True,False,True,False,False,False,False
PRV12094,2019,False,False,False,False,False,False,False,False
PRV12094,2019,False,False,False,False,False,False,False,False
PRV12094,2019,False,False,False,False,False,False,False,False
PRV12094,2019,False,False,False,False,False,False,False,False
PRV12094,2019,True,False,False,False,False,True,False,False
PRV12094,2019,True,False,False,False,False,True,False,False
PRV12094,2019,True,False,False,False,False,True,False,False
PRV12094,2019,True,False,False,False,False,True,False,False
PRV12094,2019,True,False,False,False,False,True,False,False
PRV12094,2019,True,False,False,False,False,True,False,False
PRV12094,2019,True,False,False,False,False,True,False,False
PRV12095,2014,False,False,False,False,False,False,False,False
PRV12096,2021,False,False,False,False,False,False,False,False
PRV12096,2021,False,False,False,False,False,False,False,False
PRV12097,2013,False,False,False,False,False,False,False,False
PRV12099,2013,False,False,False,False,False,False,False,False
PRV12099,2014,False,False,False,False,False,False,False,False
PRV12099,2014,False,False,False,False,False,False,False,False
PRV12099,2014,False,False,False,False,False,False,False,False
PRV12099,2014,False,False,False,False,False,False,False,False
PRV12099,2018,False,False,False,False,False,False,False,False
PRV12099,2018,False,False,False,False,False,False,False,False
PRV12099,2018,False,False,False,False,False,False,False,False
PRV12100,2014,True,True,False,True,False,True,False,True
PRV12100,2014,True,True,False,True,False,True,False,True
PRV12100,2014,True,True,False,True,False,True,False,True
PRV12100,2014,True,True,False,True,False,True,False,True
PRV12100,2014,True,True,False,True,False,True,False,True
PRV12100,2014,True,True,False,True,False,True,False,True
PRV12100,2014,True,True,False,True,False,True,False,True
PRV12100,2014,True,True,False,True,False,True,False,True
PRV12100,2015,True,True,False,True,False,True,False,False
PRV12100,2015,True,True,False,True,False,True,False,False
PRV12100,2015,True,True,False,True,False,True,False,False
PRV12100,2015,True,True,False,True,False,True,False,False
PRV12100,2016,True,True,False,True,False,True,False,False
PRV12100,2016,True,True,False,True,False,True,False,False
PRV12100,2019,True,True,False,True,False,False,True,True
PRV12100,2019,True,True,False,True,False,False,True,True
PRV12100,2019,True,True,False,True,False,False,False,False
PRV12100,2019,True,True,False,True,False,False,False,False
PRV12100,2019,True,True,False,True,False,False,False,False
PRV12100,2019,True,True,False,True,False,False,False,False
PRV12100,2019,True,True,False,True,False,False,False,False
PRV12100,2019,True,True,False,True,False,False,False,False
PRV12100,2019,True,True,False,True,False,False,False,False
PRV12100,2019,True,True,False,True,False,False,False,False
PRV12100,2019,True,True,False,True,False,False,False,False
PRV12100,2019,True,True,False,True,False,False,False,False
PRV12100,2019,True,True,False,True,False,False,False,False
PRV12100,2020,False,False,False,False,False,False,False,False
PRV12100,2020,False,False,False,False,False,False,False,False
PRV12100,2020,False,False,False,False,False,False,False,False
PRV12100,2020,False,False,False,False,False,False,False,False
PRV12100,2020,False,False,False,False,False,False,False,False
PRV12100,2020,False,False,False,False,False,False,False,False
PRV12100,2020,False,False,False,False,False,False,False,False
PRV12100,2020,False,False,False,False,False,False,False,False
PRV12100,2020,False,False,False,False,False,False,False,False
PRV12100,2020,False,False,False,False,False,False,False,False
PRV12100,2020,False,False,False,False,False,False,False,False
PRV12100,2020,False,False,False,False,False,False,False,False
PRV12100,2020,False,False,False,False,False,False,False,False
PRV12102,2020,False,False,False,False,False,False,False,False
PRV12103,2019,True,True,False,True,False,False,False,False
PRV12103,2020,False,False,False,False,False,False,False,False
PRV12103,2020,False,False,False,False,False,False,False,False
PRV12103,2020,False,False,False,False,False,False,False,False
PRV12103,2020,False,False,False,False,False,False,False,False
PRV12103,2020,False,False,False,False,False,False,False,False
PRV12103,2020,False,False,False,False,False,False,False,False
PRV12103,2020,False,False,False,False,False,False,False,False
PRV12103,2020,False,False,False,False,False,False,False,False
PRV12103,2020,False,False,False,False,False,False,False,False
PRV12103,2020,False,False,False,False,False,False,False,False
PRV12103,2020,False,False,False,False,False,False,False,False
PRV12103,2020,False,False,False,False,False,False,False,False
PRV12103,2020,False,False,False,False,False,False,False,False
PRV12103,2020,False,False,False,False,False,False,False,False
PRV12103,2020,False,False,False,False,False,False,False,False
PRV12103,2020,False,False,False,False,False,False,False,False
PRV12103,2020,False,False,False,False,False,False,False,False
PRV12103,2020,False,False,False,False,False,False,False,False
PRV12103,2021,False,False,False,False,False,False,False,False
PRV12103,2021,False,False,False,False,False,False,False,False
PRV12105,2015,False,False,False,False,False,False,False,False
PRV12106,2014,False,False,False,False,False,False,False,False
PRV12107,2016,False,False,False,False,False,False,False,False
PRV12109,2014,False,False,False,False,False,False,False,False
PRV12109,2014,False,False,False,False,False,False,False,False
PRV12109,2014,False,False,False,False,False,False,False,False
PRV12109,2014,False,False,False,False,False,False,False,False
PRV12111,2015,False,False,False,False,False,False,False,False
PRV12111,2015,False,False,False,False,False,False,False,False
PRV12111,2013,False,False,False,False,False,False,False,False
PRV12111,2015,True,True,False,True,False,False,False,False
PRV12112,2016,True,True,False,True,False,False,False,True
PRV12112,2016,True,True,False,True,False,False,False,True
PRV12112,2017,False,False,False,False,False,False,False,False
PRV12112,2020,False,False,False,False,False,False,False,False
PRV12112,2020,False,False,False,False,False,False,False,False
PRV12113,2018,False,False,False,False,False,False,False,False
PRV12113,2018,False,False,False,False,False,False,False,False
PRV12113,2020,False,False,False,False,False,False,False,False
PRV12113,2020,False,False,False,False,False,False,False,False
PRV12113,2020,False,False,False,False,False,False,False,False
PRV12113,2020,False,False,False,False,False,False,False,False
PRV12114,2016,True,True,False,True,False,False,True,True
PRV12114,2016,True,True,False,True,False,False,True,True
PRV12114,2019,False,False,False,False,False,False,False,False
PRV12114,2019,False,False,False,False,False,False,False,False
PRV12116,2013,True,True,False,True,False,False,True,True
PRV12116,2013,True,True,False,True,False,False,True,True
PRV12116,2013,True,True,False,True,False,False,True,True
PRV12116,2013,True,True,False,True,False,False,False,True
PRV12117,2014,False,False,False,False,False,False,False,False
PRV12117,2014,False,False,False,False,False,False,False,False
PRV12117,2014,False,False,False,False,False,False,False,False
PRV12117,2014,False,False,False,False,False,False,False,False
PRV12117,2014,False,False,False,False,False,False,False,False
PRV12117,2014,False,False,False,False,False,False,False,False
PRV12117,2014,False,False,False,False,False,False,False,False
PRV12117,2015,False,False,False,False,False,False,False,False
PRV12117,2015,False,False,False,False,False,False,False,False
PRV12117,2016,False,False,False,False,False,False,False,False
PRV12117,2016,False,False,False,False,False,False,False,False
PRV12117,2016,False,False,False,False,False,False,False,False
PRV12117,2020,False,False,False,False,False,False,False,False
PRV12117,2020,False,False,False,False,False,False,False,False
PRV12117,2020,False,False,False,False,False,False,False,False
PRV12117,2020,False,False,False,False,False,False,False,False
PRV12117,2020,False,False,False,False,False,False,False,False
PRV12117,2020,False,False,False,False,False,False,False,False
PRV12117,2020,False,False,False,False,False,False,False,False
PRV12117,2020,False,False,False,False,False,False,False,False
PRV12117,2020,False,False,False,False,False,False,False,False
PRV12117,2020,False,False,False,False,False,False,False,False
PRV12117,2021,False,False,False,False,False,False,False,False
PRV12117,2021,False,False,False,False,False,False,False,False
PRV12117,2021,False,False,False,False,False,False,False,False
PRV12117,2014,False,False,False,False,False,False,False,False
PRV12118,2015,False,False,False,False,False,False,False,False
PRV12120,2016,True,True,False,True,True,False,True,True
PRV12120,2016,True,True,False,True,True,False,True,True
PRV12120,2016,True,True,False,True,True,False,True,True
PRV12120,2016,True,True,False,True,True,False,True,True
PRV12120,2020,True,False,False,False,False,False,True,True
PRV12120,2020,False,False,False,False,False,False,False,False
PRV12120,2020,False,False,False,False,False,False,False,False
PRV12120,2020,False,False,False,False,False,False,False,False
PRV12120,2021,False,False,False,False,False,False,False,False
PRV12120,2021,False,False,False,False,False,False,False,False
PRV12120,2021,False,False,False,False,False,False,False,False
PRV12120,2021,False,False,False,False,False,False,False,False
PRV12121,2014,True,True,False,True,False,False,False,False
PRV12121,2014,True,True,False,True,False,False,False,False
PRV12121,2014,True,True,False,True,False,False,False,True
PRV12121,2018,False,False,False,False,False,False,False,False
PRV12121,2018,False,False,False,False,False,False,False,False
PRV12121,2020,False,False,False,False,False,False,False,False
PRV12123,2015,False,False,False,False,False,False,False,False
PRV12123,2016,False,False,False,False,False,False,False,False
PRV12123,2017,True,False,False,False,False,False,False,True
PRV12123,2017,True,False,False,False,False,False,False,True
PRV12123,2021,False,False,False,False,False,False,False,False
PRV12123,2021,False,False,False,False,False,False,False,False
PRV12124,2018,False,False,False,False,False,False,False,False
PRV12127,2014,False,False,False,False,False,False,False,False
PRV12127,2017,False,False,False,False,False,False,False,False
PRV12127,2017,True,True,False,True,False,True,True,True
PRV12127,2017,True,True,False,True,False,True,True,True
PRV12127,2017,True,True,False,True,False,True,True,True
PRV12127,2017,True,True,False,True,False,True,True,True
PRV12128,2014,False,False,False,False,False,False,False,False
PRV12128,2014,False,False,False,False,False,False,False,False
PRV12128,2013,False,False,False,False,False,False,False,False
PRV12128,2013,False,False,False,False,False,False,False,False
PRV12128,2014,True,False,False,False,False,True,False,False
PRV12128,2016,True,False,False,False,False,True,False,False
PRV12128,2014,False,False,False,False,False,False,False,False
PRV12128,2019,True,True,False,True,False,True,False,False
PRV12128,2019,True,True,False,True,False,True,False,False
PRV12128,2019,True,True,False,True,False,True,False,False
PRV12128,2020,True,True,False,True,False,False,False,False
PRV12128,2020,False,False,False,False,False,False,False,False
PRV12128,2020,False,False,False,False,False,False,False,False
PRV12128,2020,False,False,False,False,False,False,False,False
PRV12128,2020,False,False,False,False,False,False,False,False
PRV12128,2020,True,False,False,False,False,True,False,False
PRV12128,2020,False,False,False,False,False,False,False,False
PRV12128,2021,False,False,False,False,False,False,False,False
PRV12128,2021,False,False,False,False,False,False,False,False
PRV12129,2015,False,False,False,False,False,False,False,False
PRV12129,2015,False,False,False,False,False,False,False,False
PRV12129,2015,False,False,False,False,False,False,False,False
PRV12129,2015,False,False,False,False,False,False,False,False
PRV12129,2014,True,True,False,True,False,True,False,False
PRV12129,2014,True,True,False,True,False,True,False,False
PRV12129,2014,False,False,False,False,False,False,False,False
PRV12129,2014,False,False,False,False,False,False,False,False
PRV12129,2016,False,False,False,False,False,False,False,False
PRV12129,2016,False,False,False,False,False,False,False,False
PRV12129,2015,False,False,False,False,False,False,False,False
PRV12129,2016,False,False,False,False,False,False,False,False
PRV12129,2014,False,False,False,False,False,False,False,False
PRV12129,2017,False,False,False,False,False,False,False,False
PRV12129,2017,False,False,False,False,False,False,False,False
PRV12129,2020,False,False,False,False,False,False,False,False
PRV12129,2020,False,False,False,False,False,False,False,False
PRV12130,2016,False,False,False,False,False,False,False,False
PRV12130,2016,False,False,False,False,False,False,False,False
PRV12130,2016,False,False,False,False,False,False,False,False
PRV12130,2016,False,False,False,False,False,False,False,False
PRV12130,2016,False,False,False,False,False,False,False,False
PRV12130,2016,False,False,False,False,False,False,False,False
PRV12130,2016,False,False,False,False,False,False,False,False
PRV12130,2016,False,False,False,False,False,False,False,False
PRV12130,2016,False,False,False,False,False,False,False,False
PRV12130,2014,False,False,False,False,False,False,False,False
PRV12131,2017,False,False,False,False,False,False,False,False
PRV12131,2017,False,False,False,False,False,False,False,False
PRV12132,2016,False,False,False,False,False,False,False,False
PRV12133,2014,False,False,False,False,False,False,False,False
PRV12133,2014,False,False,False,False,False,False,False,False
PRV12133,2013,False,False,False,False,False,False,False,False
PRV12133,2013,False,False,False,False,False,False,False,False
PRV12133,2013,False,False,False,False,False,False,False,False
PRV12133,2015,False,False,False,False,False,False,False,False
PRV12133,2015,False,False,False,False,False,False,False,False
PRV12133,2015,False,False,False,False,False,False,False,False
PRV12133,2013,False,False,False,False,False,False,False,False
PRV12134,2015,False,False,False,False,False,False,False,False
PRV12135,2013,False,False,False,False,False,False,False,False
PRV12136,2015,True,False,False,False,False,True,False,False
PRV12136,2015,True,False,False,False,False,True,False,False
PRV12136,2015,True,False,False,False,False,True,False,False
PRV12136,2015,False,False,False,False,False,False,False,False
PRV12136,2015,False,False,False,False,False,False,False,False
PRV12136,2015,False,False,False,False,False,False,False,False
PRV12137,2015,True,True,False,True,False,False,True,False
PRV12137,2015,True,True,False,True,False,False,True,False
PRV12137,2018,False,False,False,False,False,False,False,False
PRV12137,2018,True,True,False,True,False,False,False,False
PRV12137,2018,False,False,False,False,False,False,False,False
PRV12137,2020,False,False,False,False,False,False,False,False
PRV12137,2020,False,False,False,False,False,False,False,False
PRV12137,2020,False,False,False,False,False,False,False,False
PRV12138,2014,True,True,False,True,False,False,False,True
PRV12138,2014,True,True,False,True,False,False,False,True
PRV12138,2014,True,True,False,True,False,False,False,True
PRV12138,2014,True,True,False,True,False,False,False,True
PRV12138,2017,False,False,False,False,False,False,False,False
PRV12138,2017,False,False,False,False,False,False,False,False
PRV12138,2017,True,True,False,True,False,False,True,True
PRV12138,2017,True,True,False,True,False,False,True,True
PRV12138,2017,False,False,False,False,False,False,False,False
PRV12138,2017,False,False,False,False,False,False,False,False
PRV12138,2017,False,False,False,False,False,False,False,False
PRV12138,2017,False,False,False,False,False,False,False,False
PRV12138,2020,True,False,False,False,False,False,False,True
PRV12138,2020,False,False,False,False,False,False,False,False
PRV12138,2020,False,False,False,False,False,False,False,False
PRV12138,2020,False,False,False,False,False,False,False,False
PRV12138,2020,False,False,False,False,False,False,False,False
PRV12138,2020,False,False,False,False,False,False,False,False
PRV12138,2021,False,False,False,False,False,False,False,False
PRV12138,2021,False,False,False,False,False,False,False,False
PRV12138,2021,False,False,False,False,False,False,False,False
PRV12138,2021,False,False,False,False,False,False,False,False
PRV12139,2013,False,False,False,False,False,False,False,False
PRV12139,2013,False,False,False,False,False,False,False,False
PRV12139,2013,False,False,False,False,False,False,False,False
PRV12139,2013,False,False,False,False,False,False,False,False
PRV12139,2019,False,False,False,False,False,False,False,False
PRV12139,2020,False,False,False,False,False,False,False,False
PRV12139,2020,False,False,False,False,False,False,False,False
PRV12139,2020,False,False,False,False,False,False,False,False
PRV12139,2020,False,False,False,False,False,False,False,False
PRV12139,2020,False,False,False,False,False,False,False,False
PRV12140,2013,False,False,False,False,False,False,False,False
PRV12140,2020,False,False,False,False,False,False,False,False
PRV12142,2014,False,False,False,False,False,False,False,False
PRV12142,2014,False,False,False,False,False,False,False,False
PRV12142,2014,False,False,False,False,False,False,False,False
PRV12142,2014,False,False,False,False,False,False,False,False
PRV12142,2014,False,False,False,False,False,False,False,False
PRV12142,2014,False,False,False,False,False,False,False,False
PRV12142,2013,False,False,False,False,False,False,False,False
PRV12142,2013,False,False,False,False,False,False,False,False
PRV12142,2013,False,False,False,False,False,False,False,False
PRV12142,2013,False,False,False,False,False,False,False,False
PRV12142,2014,True,True,False,True,False,True,False,False
PRV12142,2014,True,True,False,True,False,True,False,False
PRV12142,2014,True,True,False,True,False,True,False,False
PRV12142,2015,False,False,False,False,False,False,False,False
PRV12142,2015,False,False,False,False,False,False,False,False
PRV12142,2015,False,False,False,False,False,False,False,False
PRV12142,2014,True,True,False,True,False,True,False,False
PRV12142,2014,True,True,False,True,False,True,False,False
PRV12142,2015,True,False,False,False,False,False,False,True
PRV12142,2015,True,False,False,False,False,False,False,True
PRV12142,2016,False,False,False,False,False,False,False,False
PRV12142,2017,True,True,False,True,False,False,True,True
PRV12142,2017,True,True,False,True,False,False,True,True
PRV12142,2014,True,True,False,True,False,True,True,True
PRV12142,2017,False,False,False,False,False,False,False,False
PRV12142,2017,False,False,False,False,False,False,False,False
PRV12142,2017,False,False,False,False,False,False,False,False
PRV12142,2017,False,False,False,False,False,False,False,False
PRV12142,2017,True,True,False,True,False,False,False,False
PRV12142,2017,True,True,False,True,False,False,False,False
PRV12142,2018,False,False,False,False,False,False,False,False
PRV12142,2018,False,False,False,False,False,False,False,False
PRV12142,2020,False,False,False,False,False,False,False,False
PRV12142,2020,False,False,False,False,False,False,False,False
PRV12142,2021,False,False,False,False,False,False,False,False
PRV12142,2021,False,False,False,False,False,False,False,False
PRV12142,2021,False,False,False,False,False,False,False,False
PRV12142,2021,False,False,False,False,False,False,False,False
PRV12142,2021,False,False,False,False,False,False,False,False
PRV12142,2021,False,False,False,False,False,False,False,False
PRV12142,2021,False,False,False,False,False,False,False,False
PRV12142,2021,False,False,False,False,False,False,False,False
PRV12144,2015,True,True,True,False,False,False,False,False
PRV12145,2016,False,False,False,False,False,False,False,False
PRV12146,2014,True,True,False,True,False,False,True,True
PRV12146,2014,True,True,False,True,False,False,True,True
PRV12146,2014,True,True,False,True,False,False,True,True
PRV12146,2016,True,True,False,True,False,False,False,False
PRV12146,2014,True,True,False,True,False,False,True,True
PRV12146,2017,False,False,False,False,False,False,False,False
PRV12146,2018,False,False,False,False,False,False,False,False
PRV12146,2019,False,False,False,False,False,False,False,False
PRV12146,2020,True,True,False,True,False,False,False,False
PRV12146,2020,True,True,False,True,False,False,False,False
PRV12146,2020,True,True,False,True,False,False,False,False
PRV12146,2020,False,False,False,False,False,False,False,False
PRV12146,2020,False,False,False,False,False,False,False,False
PRV12148,2015,False,False,False,False,False,False,False,False
PRV12149,2013,False,False,False,False,False,False,False,False
PRV12149,2013,False,False,False,False,False,False,False,False
PRV12149,2013,False,False,False,False,False,False,False,False
PRV12149,2013,False,False,False,False,False,False,False,False
PRV12149,2013,False,False,False,False,False,False,False,False
PRV12149,2015,False,False,False,False,False,False,False,False
PRV12149,2015,False,False,False,False,False,False,False,False
PRV12149,2015,False,False,False,False,False,False,False,False
PRV12149,2014,False,False,False,False,False,False,False,False
PRV12149,2016,True,True,False,True,False,True,False,False
PRV12149,2016,True,True,False,True,False,True,False,False
PRV12149,2018,True,True,False,True,False,False,False,True
PRV12149,2018,False,False,False,False,False,False,False,False
PRV12149,2018,False,False,False,False,False,False,False,False
PRV12149,2018,False,False,False,False,False,False,False,False
PRV12149,2018,True,True,False,True,False,True,False,True
PRV12149,2018,True,True,False,True,False,True,False,True
PRV12149,2018,True,True,False,True,False,True,False,True
PRV12149,2018,True,True,False,True,False,True,False,True
PRV12149,2018,True,True,False,True,False,True,False,True
PRV12150,2017,False,False,False,False,False,False,False,False
PRV12151,2017,False,False,False,False,False,False,False,False
PRV12152,2013,False,False,False,False,False,False,False,False
PRV12152,2020,True,False,False,False,False,False,False,True
PRV12153,2016,False,False,False,False,False,False,False,False
PRV12153,2016,False,False,False,False,False,False,False,False
PRV12153,2016,True,True,False,True,False,False,False,False
PRV12153,2016,True,True,False,True,False,False,False,False
PRV12153,2017,False,False,False,False,False,False,False,False
PRV12153,2021,False,False,False,False,False,False,False,False
PRV12153,2021,False,False,False,False,False,False,False,False
PRV12153,2021,False,False,False,False,False,False,False,False
PRV12153,2021,False,False,False,False,False,False,False,False
PRV12153,2021,False,False,False,False,False,False,False,False
PRV12153,2021,False,False,False,False,False,False,False,False
PRV12153,2021,False,False,False,False,False,False,False,False
PRV12154,2013,False,False,False,False,False,False,False,False
PRV12155,2014,False,False,False,False,False,False,False,False
PRV12155,2014,False,False,False,False,False,False,False,False
PRV12156,2016,False,False,False,False,False,False,False,False
PRV12156,2016,False,False,False,False,False,False,False,False
PRV12156,2016,False,False,False,False,False,False,False,False
PRV12156,2016,False,False,False,False,False,False,False,False
PRV12156,2016,False,False,False,False,False,False,False,False
PRV12156,2016,False,False,False,False,False,False,False,False
PRV12156,2016,False,False,False,False,False,False,False,False
PRV12157,2018,False,False,False,False,False,False,False,False
PRV12157,2019,False,False,False,False,False,False,False,False
PRV12157,2021,False,False,False,False,False,False,False,False
PRV12157,2021,False,False,False,False,False,False,False,False
PRV12157,2021,False,False,False,False,False,False,False,False
PRV12158,2015,False,False,False,False,False,False,False,False
PRV12160,2019,False,False,False,False,False,False,False,False
PRV12162,2015,True,True,False,True,False,False,True,True
PRV12162,2016,False,False,False,False,False,False,False,False
PRV12163,2013,False,False,False,False,False,False,False,False
PRV12164,2016,True,True,False,True,False,False,False,False
PRV12164,2016,True,True,False,True,False,False,False,False
PRV12164,2016,True,True,False,True,False,False,False,False
PRV12164,2016,True,True,False,True,False,False,False,False
PRV12164,2016,True,True,False,True,False,False,False,False
PRV12164,2016,True,True,False,True,False,False,False,False
PRV12165,2013,False,False,False,False,False,False,False,False
PRV12165,2013,False,False,False,False,False,False,False,False
PRV12165,2013,False,False,False,False,False,False,False,False
PRV12165,2013,False,False,False,False,False,False,False,False
PRV12165,2013,False,False,False,False,False,False,False,False
PRV12165,2020,False,False,False,False,False,False,False,False
PRV12165,2020,False,False,False,False,False,False,False,False
PRV12165,2020,False,False,False,False,False,False,False,False
PRV12166,2014,False,False,False,False,False,False,False,False
PRV12166,2014,False,False,False,False,False,False,False,False
PRV12166,2014,False,False,False,False,False,False,False,False
PRV12166,2014,False,False,False,False,False,False,False,False
PRV12166,2014,False,False,False,False,False,False,False,False
PRV12166,2014,False,False,False,False,False,False,False,False
PRV12166,2014,False,False,False,False,False,False,False,False
PRV12166,2014,False,False,False,False,False,False,False,False
PRV12166,2014,False,False,False,False,False,False,False,False
PRV12166,2019,False,False,False,False,False,False,False,False
PRV12166,2020,False,False,False,False,False,False,False,False
PRV12167,2013,True,True,False,True,False,True,True,False
PRV12167,2013,True,True,False,True,False,True,True,False
PRV12167,2013,True,True,False,True,False,True,False,True
PRV12170,2016,True,False,False,False,False,False,False,True
PRV12177,2018,False,False,False,False,False,False,False,False
PRV12177,2017,True,True,False,True,False,True,False,False
PRV12177,2021,True,True,False,True,False,False,False,False
PRV12177,2021,True,True,False,True,False,False,False,False
PRV12178,2014,True,True,True,False,False,False,False,False
PRV12182,2017,False,False,False,False,False,False,False,False
PRV12182,2017,False,False,False,False,False,False,False,False
PRV12186,2020,False,False,False,False,False,False,False,False
PRV12186,2020,False,False,False,False,False,False,False,False
PRV12186,2020,False,False,False,False,False,False,False,False
PRV12186,2021,False,False,False,False,False,False,False,False
PRV12186,2021,False,False,False,False,False,False,False,False
PRV12186,2021,False,False,False,False,False,False,False,False
PRV12187,2016,True,True,False,True,False,False,False,False
PRV12187,2016,True,True,False,True,False,False,False,False
PRV12187,2016,True,True,False,True,False,False,False,False
PRV12187,2016,True,True,False,True,False,False,False,False
PRV12187,2016,True,True,False,True,False,False,False,False
PRV12187,2016,True,True,False,True,False,False,False,False
PRV12187,2016,True,True,False,True,False,False,False,False
PRV12187,2017,True,True,False,True,False,False,False,False
PRV12187,2017,True,True,False,True,False,False,False,False
PRV12187,2017,True,True,False,True,False,True,False,False
PRV12187,2017,True,True,False,True,False,True,False,False
PRV12187,2018,True,True,False,True,False,True,False,False
PRV12187,2018,True,True,False,True,False,True,False,False
PRV12187,2018,False,False,False,False,False,False,False,False
PRV12187,2018,False,False,False,False,False,False,False,False
PRV12187,2018,False,False,False,False,False,False,False,False
PRV12187,2019,False,False,False,False,False,False,False,False
PRV12187,2019,False,False,False,False,False,False,False,False
PRV12187,2019,False,False,False,False,False,False,False,False
PRV12187,2019,False,False,False,False,False,False,False,False
PRV12187,2019,False,False,False,False,False,False,False,False
PRV12187,2019,False,False,False,False,False,False,False,False
PRV12187,2019,False,False,False,False,False,False,False,False
PRV12187,2019,False,False,False,False,False,False,False,False
PRV12187,2021,False,False,False,False,False,False,False,False
PRV12187,2021,False,False,False,False,False,False,False,False
PRV12200,2017,True,True,False,True,False,False,False,False
PRV12200,2017,True,True,False,True,False,False,False,True
PRV12200,2017,True,True,False,True,False,False,False,True
PRV12200,2020,False,False,False,False,False,False,False,False
PRV12200,2021,False,False,False,False,False,False,False,False
PRV12203,2015,True,True,False,True,False,False,False,False
PRV12203,2015,True,True,False,True,False,False,False,False
PRV12203,2018,False,False,False,False,False,False,False,False
PRV12203,2018,True,True,False,True,False,False,False,False
PRV12203,2020,False,False,False,False,False,False,False,False
PRV12203,2020,False,False,False,False,False,False,False,False
PRV13002,2020,False,False,False,False,False,False,False,False
PRV13002,2020,False,False,False,False,False,False,False,False
PRV13002,2020,False,False,False,False,False,False,False,False
PRV13002,2020,False,False,False,False,False,False,False,False
PRV13002,2021,True,False,False,False,False,False,False,True
PRV13002,2021,True,False,False,False,False,False,False,True
PRV13003,2014,True,True,False,True,False,True,False,True
PRV13003,2014,True,True,False,True,False,False,False,False
PRV13003,2014,True,True,False,True,False,False,False,True
PRV13003,2020,False,False,False,False,False,False,False,False
PRV13004,2014,True,True,False,True,False,False,False,False
PRV14001,2018,False,False,False,False,False,False,False,False
PRV14001,2019,False,False,False,False,False,False,False,False
PRV14001,2019,False,False,False,False,False,False,False,False
PRV14001,2019,False,False,False,False,False,False,False,False
PRV14001,2021,False,False,False,False,False,False,False,False
PRV14001,2021,False,False,False,False,False,False,False,False
PRV14001,2021,False,False,False,False,False,False,False,False
PRV14001,2021,False,False,False,False,False,False,False,False
PRV14001,2021,False,False,False,False,False,False,False,False
PRV14001,2021,False,False,False,False,False,False,False,False
PRV14001,2021,False,False,False,False,False,False,False,False
PRV14001,2021,False,False,False,False,False,False,False,False
PRV14001,2021,False,False,False,False,False,False,False,False
PRV14001,2021,False,False,False,False,False,False,False,False
PRV14001,2021,False,False,False,False,False,False,False,False
PRV14001,2021,False,False,False,False,False,False,False,False
PRV14001,2021,False,False,False,False,False,False,False,False
PRV14001,2021,False,False,False,False,False,False,False,False
PRV14001,2021,False,False,False,False,False,False,False,False
PRV14002,2014,False,False,False,False,False,False,False,False
PRV14002,2015,False,False,False,False,False,False,False,False
PRV14002,2014,False,False,False,False,False,False,False,False
PRV14002,2018,False,False,False,False,False,False,False,False
PRV14002,2018,False,False,False,False,False,False,False,False
PRV14002,2019,False,False,False,False,False,False,False,False
PRV14002,2020,False,False,False,False,False,False,False,False
PRV14002,2020,False,False,False,False,False,False,False,False
PRV14003,2015,False,False,False,False,False,False,False,False
PRV14003,2015,False,False,False,False,False,False,False,False
PRV14003,2015,False,False,False,False,False,False,False,False
PRV14003,2016,True,False,False,False,False,True,False,False
PRV14003,2016,False,False,False,False,False,False,False,False
PRV14003,2019,False,False,False,False,False,False,False,False
PRV14003,2019,False,False,False,False,False,False,False,False
PRV14003,2021,True,False,False,False,False,True,False,False
PRV14003,2021,True,False,False,False,False,True,False,False
PRV14003,2021,True,False,False,False,False,True,False,False
PRV14003,2021,True,False,False,False,False,True,False,False
PRV14007,2014,True,True,False,True,False,False,False,False
PRV14007,2017,True,True,False,True,False,False,False,False
PRV14007,2017,True,True,False,True,False,False,False,False
PRV14007,2017,True,True,False,True,False,False,False,False
PRV14007,2018,False,False,False,False,False,False,False,False
PRV14007,2018,False,False,False,False,False,False,False,False
PRV14007,2018,False,False,False,False,False,False,False,False
PRV14007,2020,True,True,False,True,False,False,False,False
PRV14008,2016,True,True,False,True,False,True,False,False
PRV14008,2016,True,True,False,True,False,True,False,False
PRV14008,2018,True,True,False,True,False,False,False,False
PRV14008,2018,True,True,False,True,False,False,False,False
PRV14008,2018,True,True,False,True,False,False,False,False
PRV14008,2018,True,True,False,True,False,False,False,False
PRV14008,2018,True,True,False,True,False,False,False,False
PRV14008,2020,False,False,False,False,False,False,False,False
PRV14008,2020,False,False,False,False,False,False,False,False
PRV14008,2020,False,False,False,False,False,False,False,False
PRV14008,2020,False,False,False,False,False,False,False,False
PRV14008,2020,False,False,False,False,False,False,False,False
PRV14008,2020,False,False,False,False,False,False,False,False
PRV14008,2020,False,False,False,False,False,False,False,False
PRV14008,2020,False,False,False,False,False,False,False,False
PRV14008,2020,False,False,False,False,False,False,False,False
PRV14008,2021,False,False,False,False,False,False,False,False
PRV14008,2021,False,False,False,False,False,False,False,False
PRV14008,2021,False,False,False,False,False,False,False,False
PRV14008,2021,False,False,False,False,False,False,False,False
PRV14008,2021,False,False,False,False,False,False,False,False
PRV14008,2021,False,False,False,False,False,False,False,False
PRV14008,2021,False,False,False,False,False,False,False,False
PRV14008,2021,False,False,False,False,False,False,False,False
PRV14008,2021,False,False,False,False,False,False,False,False
PRV14008,2021,False,False,False,False,False,False,False,False
PRV14008,2021,False,False,False,False,False,False,False,False
PRV14008,2021,False,False,False,False,False,False,False,False
PRV14008,2021,False,False,False,False,False,False,False,False
PRV14008,2021,False,False,False,False,False,False,False,False
PRV14008,2021,False,False,False,False,False,False,False,False
PRV14008,2021,False,False,False,False,False,False,False,False
PRV14008,2021,False,False,False,False,False,False,False,False
PRV14008,2021,False,False,False,False,False,False,False,False
PRV14008,2021,False,False,False,False,False,False,False,False
PRV14008,2021,False,False,False,False,False,False,False,False
PRV14008,2021,False,False,False,False,False,False,False,False
PRV14012,2016,True,True,False,True,False,True,False,False
PRV14012,2016,True,True,False,True,False,True,False,False
PRV14012,2014,True,True,False,True,False,False,False,False
PRV14012,2014,True,True,False,True,False,False,False,False
PRV14012,2016,True,True,False,True,False,False,False,False
PRV14012,2016,True,True,False,True,False,False,False,False
PRV14012,2016,True,True,False,True,False,False,False,False
PRV14012,2017,False,False,False,False,False,False,False,False
PRV14012,2017,True,True,False,True,False,False,False,False
PRV14012,2019,True,True,False,True,False,False,True,True
PRV14012,2019,True,True,False,True,False,False,True,True
PRV14012,2019,False,False,False,False,False,False,False,False
PRV14012,2020,False,False,False,False,False,False,False,False
PRV14013,2017,False,False,False,False,False,False,False,False
PRV14013,2017,False,False,False,False,False,False,False,False
PRV14015,2014,True,True,False,True,False,True,True,True
PRV14015,2014,True,True,False,True,False,True,True,True
PRV14015,2014,True,True,False,True,False,True,True,True
PRV14015,2014,True,True,False,True,False,True,True,True
PRV14015,2020,True,True,False,True,False,True,True,True
PRV14015,2020,True,True,False,True,False,True,True,True
PRV14015,2020,True,True,False,True,False,True,True,True
PRV14015,2020,True,True,False,True,False,True,True,True
PRV14022,2017,False,False,False,False,False,False,False,False
PRV14022,2019,False,False,False,False,False,False,False,False
PRV14022,2019,False,False,False,False,False,False,False,False
PRV14039,2016,True,True,False,True,False,False,False,False
PRV14039,2020,True,True,True,False,False,False,False,False
PRV14040,2016,True,True,False,True,False,True,False,False
PRV14040,2019,True,True,True,False,False,True,False,False
PRV14040,2021,False,False,False,False,False,False,False,False
PRV14045,2015,True,True,False,True,False,True,True,True
PRV14045,2015,True,True,False,True,False,True,True,True
PRV14045,2015,True,True,False,True,False,True,True,True
PRV14045,2020,False,False,False,False,False,False,False,False
PRV14045,2020,False,False,False,False,False,False,False,False
PRV14045,2020,False,False,False,False,False,False,False,False
PRV14046,2018,True,True,False,True,False,True,False,True
PRV14046,2018,True,True,False,True,False,True,False,True
PRV14046,2018,True,True,False,True,False,True,False,True
PRV14049,2015,True,True,False,True,False,True,False,False
PRV14049,2015,True,True,False,True,False,True,False,False
PRV14049,2015,True,True,False,True,False,True,False,False
PRV14050,2019,False,False,False,False,False,False,False,False
PRV14055,2016,True,True,False,True,False,False,False,False
PRV14055,2016,True,True,False,True,False,False,False,False
PRV14055,2017,False,False,False,False,False,False,False,False
PRV14055,2017,False,False,False,False,False,False,False,False
PRV14055,2017,False,False,False,False,False,False,False,False
PRV14055,2017,False,False,False,False,False,False,False,False
PRV14055,2020,True,True,False,True,False,True,False,False
PRV14055,2020,True,True,False,True,False,True,False,False
PRV14066,2017,True,True,False,True,False,True,False,False
PRV14066,2020,False,False,False,False,False,False,False,False
PRV14078,2018,True,True,False,True,False,True,False,False
PRV14078,2018,True,True,False,True,False,True,False,False
PRV14078,2019,False,False,False,False,False,False,False,False
PRV14078,2019,False,False,False,False,False,False,False,False
PRV14082,2016,False,False,False,False,False,False,False,False
PRV14082,2016,False,False,False,False,False,False,False,False
PRV14082,2016,False,False,False,False,False,False,False,False
PRV14082,2016,False,False,False,False,False,False,False,False
PRV14082,2016,False,False,False,False,False,False,False,False
PRV14082,2016,False,False,False,False,False,False,False,False
PRV14082,2016,False,False,False,False,False,False,False,False
PRV14082,2016,False,False,False,False,False,False,False,False
PRV14082,2016,False,False,False,False,False,False,False,False
PRV14082,2016,False,False,False,False,False,False,False,False
PRV14082,2016,False,False,False,False,False,False,False,False
PRV14085,2017,True,True,False,True,False,True,False,False
PRV14085,2017,True,True,False,True,False,True,False,False
PRV14085,2020,True,False,False,False,False,True,False,False
PRV14095,2021,False,False,False,False,False,False,False,False
PRV14102,2017,True,True,False,True,False,False,False,False
PRV14102,2017,True,True,False,True,False,False,False,False
PRV14102,2017,True,True,False,True,False,False,False,False
PRV14102,2017,True,True,False,True,False,False,False,False
PRV14258,2019,True,True,False,True,False,True,False,False
PRV14258,2021,False,False,False,False,False,False,False,False
PRV14266,2017,True,True,False,True,False,False,False,False
PRV14266,2020,False,False,False,False,False,False,False,False
PRV14272,2016,True,True,False,True,False,False,False,True
PRV14272,2016,True,True,False,True,False,False,False,True
PRV14272,2016,True,True,False,True,False,False,False,True
PRV14272,2016,True,True,False,True,False,False,False,True
PRV14272,2016,True,True,False,True,False,False,False,True
PRV14272,2016,True,True,False,True,False,False,False,True
PRV14272,2016,True,True,False,True,False,False,False,True
PRV14272,2016,True,True,False,True,False,False,False,True
PRV14272,2016,True,True,False,True,False,False,False,True
PRV14272,2016,True,True,False,True,False,True,False,False
PRV14272,2016,True,True,False,True,False,True,False,False
PRV14273,2016,True,True,False,True,False,False,False,True
PRV14273,2016,True,True,False,True,False,False,False,True
PRV14273,2016,True,True,False,True,False,False,False,True
PRV14273,2016,True,True,False,True,False,False,False,True
PRV14273,2018,False,False,False,False,False,False,False,False
PRV14273,2017,False,False,False,False,False,False,False,False
PRV14273,2018,True,True,False,True,False,False,False,False
PRV14273,2018,True,True,False,True,False,False,False,False
PRV14276,2020,True,True,False,True,False,False,False,False
PRV14278,2017,False,False,False,False,False,False,False,False
PRV14278,2017,False,False,False,False,False,False,False,False
PRV14279,2019,False,False,False,False,False,False,False,False
PRV14279,2019,False,False,False,False,False,False,False,False
PRV14279,2019,False,False,False,False,False,False,False,False
PRV14280,2020,True,True,False,True,False,True,False,False
PRV14283,2019,True,True,False,True,False,True,False,True
PRV14288,2019,True,True,False,True,False,True,False,False
PRV14288,2019,True,True,False,True,False,True,False,False
PRV14297,2019,True,True,False,True,False,False,False,False
PRV14300,2019,False,False,False,False,False,False,False,False
PRV14301,2018,True,True,False,True,False,True,False,False
PRV14301,2018,True,True,False,True,False,True,False,False
PRV14301,2021,False,False,False,False,False,False,False,False
PRV14301,2021,False,False,False,False,False,False,False,False
PRV14301,2021,False,False,False,False,False,False,False,False
PRV14301,2021,False,False,False,False,False,False,False,False
PRV14301,2021,False,False,False,False,False,False,False,False
PRV14301,2021,False,False,False,False,False,False,False,False
PRV14301,2021,False,False,False,False,False,False,False,False
PRV14303,2021,True,False,False,False,False,True,False,False
PRV14303,2021,True,False,False,False,False,True,False,False
PRV14311,2019,False,False,False,False,False,False,False,False
PRV14311,2019,False,False,False,False,False,False,False,False
PRV14311,2019,False,False,False,False,False,False,False,False
PRV14313,2019,True,False,False,False,False,True,False,False
PRV14316,2019,True,True,False,True,False,False,False,False
PRV14316,2019,True,True,False,True,False,False,False,False
PRV14317,2020,False,False,False,False,False,False,False,False
PRV14317,2021,False,False,False,False,False,False,False,False
PRV14320,2020,False,False,False,False,False,False,False,False
PRV14323,2019,False,False,False,False,False,False,False,False
PRV14326,2019,False,False,False,False,False,False,False,False
PRV14326,2020,False,False,False,False,False,False,False,False
PRV14334,2020,False,False,False,False,False,False,False,False
PRV14334,2020,False,False,False,False,False,False,False,False
PRV14334,2020,False,False,False,False,False,False,False,False
PRV14349,2020,False,False,False,False,False,False,False,False
